{"cameraMode":{"drawMode":0,"name":"Shaded","section":"Shading Mode"},"sceneLighting":true,"audioPlay":false,"sceneViewState":{"m_AlwaysRefresh":false,"showFog":true,"showSkybox":true,"showFlares":true,"showImageEffects":true,"showParticleSystems":true,"showVisualEffectGraphs":true,"m_FxEnabled":true},"in2DMode":false,"pivot":{"x":-26.581275939941408,"y":-10.854641914367676,"z":-13.443090438842774},"rotation":{"x":0.1067262589931488,"y":-0.8504226803779602,"z":0.18794025480747224,"w":0.48000895977020266},"size":14.65941333770752,"orthographic":false}